<application>
  <component name="ProjectManager">
    <defaultProject>
      <component name="AutoImportSettings">
        <option name="autoReloadType" value="SELECTIVE" />
      </component>
      <component name="CodeInsightWorkspaceSettings">
        <option name="optimizeImportsOnTheFly" value="true" />
      </component>
      <component name="CompilerConfiguration">
        <bytecodeTargetLevel target="17" />
      </component>
      <component name="Encoding" native2AsciiForPropertiesFiles="true" defaultCharsetForPropertiesFiles="UTF-8">
        <file url="PROJECT" charset="UTF-8" />
      </component>
      <component name="MarkdownSettingsMigration">
        <option name="stateVersion" value="1" />
      </component>
      <component name="MavenImportPreferences">
        <option name="generalSettings">
          <MavenGeneralSettings>
            <option name="localRepository" value="E:\Java\Maven-Repository" />
            <option name="mavenHome" value="E:/apache-maven-3.9.5" />
            <option name="userSettingsFile" value="E:\apache-maven-3.9.5\conf\settings.xml" />
          </MavenGeneralSettings>
        </option>
      </component>
      <component name="ProjectInspectionProfilesVisibleTreeState">
        <entry key="Project Default">
          <profile-state>
            <expanded-state>
              <State />
            </expanded-state>
            <selected-state>
              <State>
                <id>Android</id>
              </State>
            </selected-state>
          </profile-state>
        </entry>
      </component>
      <component name="PropertiesComponent">{
  &quot;keyToString&quot;: {
    &quot;settings.editor.selected.configurable&quot;: &quot;configurable.group.tools&quot;
  }
}</component>
      <component name="WindowStateProjectService">
        <state x="996" y="169" key="FileChooserDialogImpl" timestamp="1697121041272">
          <screen x="0" y="0" width="1707" height="1019" />
        </state>
        <state x="996" y="169" key="FileChooserDialogImpl/0.0.1707.1019" timestamp="1697121041272" />
        <state x="429" y="176" key="SettingsEditor" timestamp="1697121173469">
          <screen x="0" y="0" width="1707" height="1019" />
        </state>
        <state x="429" y="176" key="SettingsEditor/0.0.1707.1019" timestamp="1697121173469" />
      </component>
      <component name="masterDetails">
        <states>
          <state key="ProjectJDKs.UI">
            <settings>
              <last-edited>17</last-edited>
              <splitter-proportions>
                <option name="proportions">
                  <list>
                    <option value="0.2" />
                  </list>
                </option>
              </splitter-proportions>
            </settings>
          </state>
        </states>
      </component>
    </defaultProject>
  </component>
</application>